Quarter,PartyName,Representative,Ticker,TransactionType,TradeAmount_UpperRange_$,TradeAmount_UpperRange,PercentChange,TransactionDate
2025-Q1,Democrats,Susie Lee,FLL,sale,"$50,000.00",50000.0,0.7042302393543312,2025-03-12
2025-Q1,Democrats,Mikie Sherrill,UBS,sale,"$500,000.00",500000.0,5.283463496153768,2025-03-07
2025-Q1,Democrats,William R. Keating,BJ,sale,"$15,000.00",15000.0,-10.588933604764057,2025-03-03
2025-Q1,Democrats,Josh Gottheimer,GS,sale,"$15,000.00",15000.0,8.040605617716997,2025-02-28
2025-Q1,Democrats,April Mcclain Delaney,RVTY,sale,"$50,000.00",50000.0,3.3582455813290237,2025-02-28
2025-Q1,Democrats,April Mcclain Delaney,TPX,sale,"$15,000.00",15000.0,7.491022211562159,2025-02-28
2025-Q1,Democrats,Josh Gottheimer,XYZ,sale,"$15,000.00",15000.0,12.336563904362768,2025-02-27
2025-Q1,Democrats,Josh Gottheimer,FNA,sale,"$15,000.00",15000.0,0.0768066707391927,2025-02-27
2025-Q1,Democrats,Josh Gottheimer,KKR,sale,"$15,000.00",15000.0,12.459970823405234,2025-02-27
2025-Q1,Democrats,Josh Gottheimer,BX,sale,"$15,000.00",15000.0,9.642320126001415,2025-02-27
2025-Q1,Democrats,Gilbert Cisneros,AKAM,sale,"$15,000.00",15000.0,-4.403475026967056,2025-02-26
2025-Q1,Democrats,Gilbert Cisneros,LUV,sale,"$15,000.00",15000.0,-12.27379691320232,2025-02-26
2025-Q1,Democrats,Gilbert Cisneros,UNH,sale,"$50,000.00",50000.0,-11.465405117234337,2025-02-26
2025-Q1,Democrats,Gilbert Cisneros,WBA,sale,"$15,000.00",15000.0,1.238941070439481,2025-02-26
2025-Q1,Democrats,Josh Gottheimer,KKR,sale,"$15,000.00",15000.0,9.931033781205102,2025-02-26
2025-Q1,Democrats,Gilbert Cisneros,F,sale,"$15,000.00",15000.0,-4.651158336247619,2025-02-26
2025-Q1,Democrats,Josh Gottheimer,BX,sale,"$15,000.00",15000.0,8.763735607334084,2025-02-26
2025-Q1,Democrats,Greg Landsman,NVDA,sale,"$15,000.00",15000.0,14.270142889057944,2025-02-26
2025-Q1,Democrats,Greg Landsman,COST,sale,"$15,000.00",15000.0,10.607158387896332,2025-02-26
2025-Q1,Democrats,Gilbert Cisneros,CDNS,sale,"$15,000.00",15000.0,-4.555954664807984,2025-02-26
2025-Q1,Democrats,Greg Landsman,PH,sale,"$15,000.00",15000.0,5.428793134229504,2025-02-26
2025-Q1,Democrats,Gilbert Cisneros,ANSS,sale,"$15,000.00",15000.0,2.082448486859183,2025-02-26
2025-Q1,Democrats,Gilbert Cisneros,DHR,sale,"$15,000.00",15000.0,-0.0190380752789176,2025-02-26
2025-Q1,Democrats,Gilbert Cisneros,PCG,sale,"$15,000.00",15000.0,-7.053677456163725,2025-02-26
2025-Q1,Democrats,Greg Landsman,AMZN,sale,"$15,000.00",15000.0,6.318043024474547,2025-02-26
2025-Q1,Democrats,Gilbert Cisneros,GM,sale,"$15,000.00",15000.0,3.250241939744713,2025-02-26
2025-Q1,Democrats,Gilbert Cisneros,ALGN,sale,"$15,000.00",15000.0,11.572205596072186,2025-02-26
2025-Q1,Democrats,Gilbert Cisneros,CMG,sale,"$15,000.00",15000.0,3.340930383513209,2025-02-26
2025-Q1,Democrats,Josh Gottheimer,VRT,sale,"$15,000.00",15000.0,14.210590868362027,2025-02-25
2025-Q1,Democrats,Julie Johnson,NSC,sale,"$15,000.00",15000.0,3.952792151540356,2025-02-25
2025-Q1,Democrats,Josh Gottheimer,AAPL,sale,"$15,000.00",15000.0,8.60653541935537,2025-02-24
2025-Q1,Democrats,Gilbert Cisneros,BSX,sale,"$15,000.00",15000.0,3.309349590639988,2025-02-24
2025-Q1,Democrats,Julie Johnson,PNC,sale,"$15,000.00",15000.0,7.335031016990737,2025-02-24
2025-Q1,Democrats,Julie Johnson,BLK,sale,"$15,000.00",15000.0,0.2179911073927181,2025-02-24
2025-Q1,Democrats,Josh Gottheimer,HD,sale,"$15,000.00",15000.0,5.454188321130615,2025-02-24
2025-Q1,Democrats,Susie Lee,FLL,sale,"$50,000.00",50000.0,21.3754660019545,2025-02-24
2025-Q1,Democrats,Josh Gottheimer,MSFT,sale,"$15,000.00",15000.0,4.389127013961394,2025-02-24
2025-Q1,Democrats,April Mcclain Delaney,TPX,sale,"$15,000.00",15000.0,7.432609521819983,2025-02-22
2025-Q1,Democrats,April Mcclain Delaney,TDY,sale,"$50,000.00",50000.0,-3.0409576346920373,2025-02-22
2025-Q1,Democrats,April Mcclain Delaney,CACI,sale,"$15,000.00",15000.0,-14.659055513009756,2025-02-22
2025-Q1,Democrats,Josh Gottheimer,PAYX,sale,"$15,000.00",15000.0,-1.1727823155452757,2025-02-21
2025-Q1,Democrats,April Mcclain Delaney,TPX,sale,"$15,000.00",15000.0,8.200628531422891,2025-02-21
2025-Q1,Democrats,Josh Gottheimer,NTDOY,sale,"$15,000.00",15000.0,4.098794842361099,2025-02-21
2025-Q1,Democrats,Josh Gottheimer,IFNNY,sale,"$15,000.00",15000.0,14.173224429231546,2025-02-21
2025-Q1,Democrats,Josh Gottheimer,SCHW,sale,"$15,000.00",15000.0,2.9149889644094644,2025-02-21
2025-Q1,Democrats,Josh Gottheimer,AAPL,sale,"$15,000.00",15000.0,8.985562561066953,2025-02-21
2025-Q1,Democrats,Susie Lee,FLL,sale,"$50,000.00",50000.0,21.811457700929136,2025-02-21
2025-Q1,Democrats,Josh Gottheimer,MSFT,sale,"$15,000.00",15000.0,6.412040542589001,2025-02-21
2025-Q1,Democrats,Josh Gottheimer,CSCO,sale,"$15,000.00",15000.0,5.07111744561078,2025-02-21
2025-Q1,Democrats,Josh Gottheimer,SPOT,sale,"$15,000.00",15000.0,8.823487097898523,2025-02-21
2025-Q1,Democrats,Josh Gottheimer,DASTY,sale,"$15,000.00",15000.0,4.02797444723232,2025-02-21
2025-Q1,Democrats,Gilbert Cisneros,ICFI,sale,"$15,000.00",15000.0,15.654732282704432,2025-02-20
2025-Q1,Democrats,Josh Gottheimer,LLY,sale,"$15,000.00",15000.0,4.142654993005217,2025-02-19
2025-Q1,Democrats,Josh Gottheimer,ICFI,sale,"$15,000.00",15000.0,16.821435337263456,2025-02-19
2025-Q1,Democrats,Greg Landsman,BLK,sale,"$15,000.00",15000.0,-0.4213815390531307,2025-02-18
2025-Q1,Democrats,April Mcclain Delaney,CACI,sale,"$15,000.00",15000.0,-10.523527304167288,2025-02-18
2025-Q1,Democrats,April Mcclain Delaney,AOS,sale,"$50,000.00",50000.0,-1.2715773513919546,2025-02-18
2025-Q1,Democrats,Jake Auchincloss,STT,sale,"$50,000.00",50000.0,7.730976522603777,2025-02-18
2025-Q1,Democrats,April Mcclain Delaney,TPX,sale,"$15,000.00",15000.0,12.972555594568416,2025-02-17
2025-Q1,Democrats,April Mcclain Delaney,TPX,sale,"$15,000.00",15000.0,12.972555594568416,2025-02-16
2025-Q1,Democrats,April Mcclain Delaney,TPX,sale,"$15,000.00",15000.0,12.972555594568416,2025-02-15
2025-Q1,Democrats,Josh Gottheimer,MSFT,sale,"$5,000,000.00",5000000.0,4.028262787792972,2025-02-14
2025-Q1,Democrats,Josh Gottheimer,MSFT,sale,"$500,000.00",500000.0,4.028262787792972,2025-02-14
2025-Q1,Democrats,Josh Gottheimer,MSFT,sale,"$5,000,000.00",5000000.0,4.028262787792972,2025-02-14
2025-Q1,Democrats,Julie Johnson,CB,sale,"$15,000.00",15000.0,-11.594854016481502,2025-02-14
2025-Q1,Democrats,April Mcclain Delaney,LYV,sale,"$15,000.00",15000.0,15.84756609777716,2025-02-14
2025-Q1,Democrats,Josh Gottheimer,MSFT,sale,"$1,000,000.00",1000000.0,4.028262787792972,2025-02-14
2025-Q1,Democrats,Josh Gottheimer,TSLA,sale,"$15,000.00",15000.0,24.26099257362148,2025-02-14
2025-Q1,Democrats,Josh Gottheimer,DHI,sale,"$15,000.00",15000.0,-0.6733186842982569,2025-02-13
2025-Q1,Democrats,Susie Lee,FLL,sale,"$50,000.00",50000.0,22.52747271941277,2025-02-13
2025-Q1,Democrats,Jared Moskowitz,WST,sale,"$15,000.00",15000.0,7.291666275560067,2025-02-13
2025-Q1,Democrats,Josh Gottheimer,TSLA,sale,"$15,000.00",15000.0,20.831882642663043,2025-02-13
2025-Q1,Democrats,Josh Gottheimer,PYPL,sale,"$15,000.00",15000.0,9.833706777713298,2025-02-13
2025-Q1,Democrats,Julie Johnson,AES,sale,"$15,000.00",15000.0,-23.19127965511205,2025-02-12
2025-Q1,Democrats,Julie Johnson,EL,sale,"$15,000.00",15000.0,3.8961879627386895,2025-02-12
2025-Q1,Democrats,Julie Johnson,REGN,sale,"$15,000.00",15000.0,3.532477584410587,2025-02-12
2025-Q1,Democrats,Julie Johnson,TSLA,sale,"$50,000.00",50000.0,17.218281244537053,2025-02-12
2025-Q1,Democrats,Julie Johnson,MKTX,sale,"$15,000.00",15000.0,-13.33554281340685,2025-02-12
2025-Q1,Democrats,Julie Johnson,HII,sale,"$15,000.00",15000.0,-23.171644746152637,2025-02-12
2025-Q1,Democrats,Julie Johnson,ENPH,sale,"$15,000.00",15000.0,0.4754113369300717,2025-02-12
2025-Q1,Democrats,Julie Johnson,ALB,sale,"$15,000.00",15000.0,0.7257104850829184,2025-02-12
2025-Q1,Democrats,Julie Johnson,WBA,sale,"$15,000.00",15000.0,-19.103521704538664,2025-02-12
2025-Q1,Democrats,Julie Johnson,JNPR,sale,"$15,000.00",15000.0,-0.918538920732426,2025-02-12
2025-Q1,Democrats,Julie Johnson,PFE,sale,"$15,000.00",15000.0,1.8445813257390715,2025-02-12
2025-Q1,Democrats,Julie Johnson,PYPL,sale,"$15,000.00",15000.0,11.508065989971143,2025-02-11
2025-Q1,Democrats,Julie Johnson,TFC,sale,"$15,000.00",15000.0,10.879919574528865,2025-02-11
2025-Q1,Democrats,Julie Johnson,CACI,sale,"$15,000.00",15000.0,1.704535663065394,2025-02-11
2025-Q1,Democrats,Julie Johnson,ZBH,sale,"$15,000.00",15000.0,-12.566500670089518,2025-02-11
2025-Q1,Democrats,Tina Smith,PEP,sale,"$250,000.00",250000.0,4.587727214950205,2025-02-11
2025-Q1,Democrats,Julie Johnson,DOX,sale,"$15,000.00",15000.0,-7.802244593596207,2025-02-11
2025-Q1,Democrats,Julie Johnson,TSLA,sale,"$15,000.00",15000.0,21.015033393715427,2025-02-11
2025-Q1,Democrats,Tina Smith,GIS,sale,"$250,000.00",250000.0,2.862068702434672,2025-02-11
2025-Q1,Democrats,Ron Wyden,LLY,sale,"$100,000.00",100000.0,-6.225594698714201,2025-02-10
2025-Q1,Democrats,April Mcclain Delaney,BRO,sale,"$15,000.00",15000.0,-13.428706282107624,2025-02-10
2025-Q1,Democrats,April Mcclain Delaney,CLH,sale,"$15,000.00",15000.0,15.377436998656318,2025-02-10
2025-Q1,Democrats,Josh Gottheimer,XNGSY,sale,"$15,000.00",15000.0,-29.23955385736252,2025-02-10
2025-Q1,Democrats,April Mcclain Delaney,TRMB,sale,"$15,000.00",15000.0,9.06901897480167,2025-02-10
2025-Q1,Democrats,April Mcclain Delaney,CLH,sale,"$15,000.00",15000.0,15.862973588640864,2025-02-07
2025-Q1,Democrats,Josh Gottheimer,ABEV,sale,"$15,000.00",15000.0,-26.735000562134942,2025-02-07
2025-Q1,Democrats,Josh Gottheimer,XNGSY,sale,"$15,000.00",15000.0,-27.065426835389893,2025-02-07
2025-Q1,Democrats,Ron Wyden,IRBT,sale,"$15,000.00",15000.0,-61.623618184000016,2025-02-06
2025-Q1,Democrats,Josh Gottheimer,ABEV,sale,"$15,000.00",15000.0,-26.735000562134942,2025-02-06
2025-Q1,Democrats,April Mcclain Delaney,BRO,sale,"$15,000.00",15000.0,-14.506661165749854,2025-02-06
2025-Q1,Democrats,Josh Gottheimer,PYPL,sale,"$15,000.00",15000.0,13.579316834065551,2025-02-06
2025-Q1,Democrats,Debbie Wasserman Schultz,HURC,sale,"$15,000.00",15000.0,29.1835825203586,2025-02-06
2025-Q1,Democrats,Ron Wyden,SOLV,sale,"$15,000.00",15000.0,0.5191684975892557,2025-02-06
2025-Q1,Democrats,Gerald E. Connolly,SAIC,sale,"$15,000.00",15000.0,-2.26834533432639,2025-02-05
2025-Q1,Democrats,April Mcclain Delaney,BRO,sale,"$15,000.00",15000.0,-15.377398985187355,2025-02-05
2025-Q1,Democrats,Julie Johnson,MCHP,sale,"$15,000.00",15000.0,1.213797539371593,2025-02-05
2025-Q1,Democrats,Gerald E. Connolly,LDOS,sale,"$15,000.00",15000.0,5.223397098391311,2025-02-05
2025-Q1,Democrats,Cleo Fields,NVDA,sale,"$1,000,000.00",1000000.0,8.475485414556584,2025-02-05
2025-Q1,Democrats,Gerald E. Connolly,D,sale,"$15,000.00",15000.0,-0.9559341576637996,2025-02-05
2025-Q1,Democrats,Josh Gottheimer,TDG,sale,"$15,000.00",15000.0,-10.43511982068384,2025-02-04
2025-Q1,Democrats,Gilbert Cisneros,ICFI,sale,"$15,000.00",15000.0,25.81313506430386,2025-02-03
2025-Q1,Democrats,Josh Gottheimer,AAPL,sale,"$15,000.00",15000.0,2.562670409491408,2025-02-03
2025-Q1,Democrats,Josh Gottheimer,ICFI,sale,"$15,000.00",15000.0,27.8062316991573,2025-01-31
2025-Q1,Democrats,Josh Gottheimer,ANET,sale,"$15,000.00",15000.0,31.57712474833411,2025-01-31
2025-Q1,Democrats,Josh Gottheimer,MSFT,sale,"$15,000.00",15000.0,6.591454603566971,2025-01-31
2025-Q1,Democrats,Josh Gottheimer,TT,sale,"$15,000.00",15000.0,4.520537511542557,2025-01-30
2025-Q1,Democrats,Gilbert Cisneros,AVGO,sale,"$15,000.00",15000.0,21.07314356293044,2025-01-30
2025-Q1,Democrats,Josh Gottheimer,UBER,sale,"$15,000.00",15000.0,-10.412975281438,2025-01-29
2025-Q1,Democrats,Josh Gottheimer,PWR,sale,"$15,000.00",15000.0,13.599998344809322,2025-01-29
2025-Q1,Democrats,Josh Gottheimer,ETN,sale,"$15,000.00",15000.0,10.395533122134172,2025-01-29
2025-Q1,Democrats,Josh Gottheimer,ISRG,sale,"$15,000.00",15000.0,11.067919153290145,2025-01-29
2025-Q1,Democrats,Josh Gottheimer,AVGO,sale,"$15,000.00",15000.0,17.395878404934304,2025-01-29
2025-Q1,Democrats,Josh Gottheimer,NVDA,sale,"$15,000.00",15000.0,11.904942032913596,2025-01-29
2025-Q1,Democrats,Julie Johnson,PEP,sale,"$15,000.00",15000.0,2.047806595180058,2025-01-28
2025-Q1,Democrats,Josh Gottheimer,AVGO,sale,"$15,000.00",15000.0,17.066275515002662,2025-01-28
2025-Q1,Democrats,Julie Johnson,ALE,sale,"$15,000.00",15000.0,-1.5223257718494323,2025-01-28
2025-Q1,Democrats,Josh Gottheimer,ANET,sale,"$15,000.00",15000.0,24.814319550175185,2025-01-28
2025-Q1,Democrats,Josh Gottheimer,TSM,sale,"$15,000.00",15000.0,13.674667155869502,2025-01-28
2025-Q1,Democrats,Julie Johnson,DELL,sale,"$15,000.00",15000.0,6.751175419882307,2025-01-28
2025-Q1,Democrats,Josh Gottheimer,NVDA,sale,"$15,000.00",15000.0,8.513056779802895,2025-01-28
2025-Q1,Democrats,Julie Johnson,INTU,sale,"$15,000.00",15000.0,-1.0975637884678833,2025-01-28
2025-Q1,Democrats,Gilbert Cisneros,LRCX,sale,"$50,000.00",50000.0,0.0988301637790828,2025-01-28
2025-Q1,Democrats,Josh Gottheimer,ORCL,sale,"$15,000.00",15000.0,10.558933759032843,2025-01-28
2025-Q1,Democrats,Josh Gottheimer,MRK,sale,"$50,000.00",50000.0,8.561751128405781,2025-01-27
2025-Q1,Democrats,Josh Gottheimer,MELI,sale,"$15,000.00",15000.0,-16.43223167195756,2025-01-27
2025-Q1,Democrats,Julie Johnson,PPG,sale,"$15,000.00",15000.0,11.671404912159275,2025-01-27
2025-Q1,Democrats,Josh Gottheimer,FICO,sale,"$15,000.00",15000.0,-3.8989583358736137,2025-01-27
2025-Q1,Democrats,Gilbert Cisneros,JNJ,sale,"$15,000.00",15000.0,-12.005861176235095,2025-01-24
2025-Q1,Democrats,Gilbert Cisneros,PCG,sale,"$15,000.00",15000.0,-5.929580313806553,2025-01-24
2025-Q1,Democrats,Gilbert Cisneros,PFE,sale,"$15,000.00",15000.0,3.88163032710662,2025-01-24
2025-Q1,Democrats,Gilbert Cisneros,MCK,sale,"$15,000.00",15000.0,-11.428446922363625,2025-01-24
2025-Q1,Democrats,Gilbert Cisneros,MRK,sale,"$15,000.00",15000.0,8.712907067666878,2025-01-24
2025-Q1,Democrats,Gilbert Cisneros,ABNB,sale,"$15,000.00",15000.0,5.248472251292153,2025-01-24
2025-Q1,Democrats,William R. Keating,LRCX,sale,"$15,000.00",15000.0,8.156949071814545,2025-01-24
2025-Q1,Democrats,Gilbert Cisneros,MDLZ,sale,"$15,000.00",15000.0,-18.71262623186006,2025-01-24
2025-Q1,Democrats,Josh Gottheimer,REGN,sale,"$15,000.00",15000.0,7.563507322906893,2025-01-24
2025-Q1,Democrats,Julie Johnson,CB,sale,"$15,000.00",15000.0,-11.548952775967752,2025-01-24
2025-Q1,Democrats,Gilbert Cisneros,D,sale,"$15,000.00",15000.0,-4.003659519686541,2025-01-24
2025-Q1,Democrats,Gilbert Cisneros,BA,sale,"$15,000.00",15000.0,-1.767045801336115,2025-01-24
2025-Q1,Democrats,Gilbert Cisneros,SJM,sale,"$15,000.00",15000.0,-15.458789097698324,2025-01-24
2025-Q1,Democrats,Josh Gottheimer,ITCI,sale,"$15,000.00",15000.0,-3.577046510157712,2025-01-24
2025-Q1,Democrats,Gilbert Cisneros,CI,sale,"$15,000.00",15000.0,-10.88529587928898,2025-01-24
2025-Q1,Democrats,Gilbert Cisneros,EIX,sale,"$15,000.00",15000.0,0.1568493393387224,2025-01-24
2025-Q1,Democrats,Julie Johnson,MS,sale,"$15,000.00",15000.0,12.221137162551734,2025-01-24
2025-Q1,Democrats,Gilbert Cisneros,DG,sale,"$15,000.00",15000.0,-22.160195983655253,2025-01-24
2025-Q1,Democrats,Josh Gottheimer,ETN,sale,"$15,000.00",15000.0,23.486955261169083,2025-01-23
2025-Q1,Democrats,Josh Gottheimer,TT,sale,"$15,000.00",15000.0,13.25023810111222,2025-01-23
2025-Q1,Democrats,Josh Gottheimer,UBER,sale,"$15,000.00",15000.0,-10.739648372935648,2025-01-23
2025-Q1,Democrats,Josh Gottheimer,NFLX,sale,"$15,000.00",15000.0,2.1352121647845816,2025-01-22
2025-Q1,Democrats,Josh Gottheimer,ORCL,sale,"$15,000.00",15000.0,23.878647088524005,2025-01-22
2025-Q1,Democrats,Gilbert Cisneros,INTA,sale,"$15,000.00",15000.0,12.327401918024355,2025-01-22
2025-Q1,Democrats,Josh Gottheimer,PWR,sale,"$15,000.00",15000.0,26.12173771512681,2025-01-21
2025-Q1,Democrats,Josh Gottheimer,ISRG,sale,"$15,000.00",15000.0,15.082508846939527,2025-01-21
2025-Q1,Democrats,Josh Gottheimer,MSFT,sale,"$15,000.00",15000.0,9.027628351265436,2025-01-21
2025-Q1,Democrats,Josh Gottheimer,ORCL,sale,"$15,000.00",15000.0,11.039236514869009,2025-01-21
2025-Q1,Democrats,Julie Johnson,WMT,sale,"$15,000.00",15000.0,6.739278460809506,2025-01-17
2025-Q1,Democrats,Josh Gottheimer,NVDA,sale,"$15,000.00",15000.0,18.47227510768409,2025-01-17
2025-Q1,Democrats,Josh Gottheimer,INTA,sale,"$15,000.00",15000.0,8.7420327425272,2025-01-17
2025-Q1,Democrats,Josh Gottheimer,PANW,sale,"$15,000.00",15000.0,0.8863622492009943,2025-01-16
2025-Q1,Democrats,Josh Gottheimer,MA,sale,"$15,000.00",15000.0,-6.483711952106249,2025-01-16
2025-Q1,Democrats,Josh Gottheimer,GOOG,sale,"$15,000.00",15000.0,16.11544032661132,2025-01-16
2025-Q1,Democrats,Josh Gottheimer,NVDA,sale,"$15,000.00",15000.0,19.618977906305783,2025-01-16
2025-Q1,Democrats,Josh Gottheimer,META,sale,"$15,000.00",15000.0,1.3710321653282431,2025-01-16
2025-Q1,Democrats,Josh Gottheimer,TDG,sale,"$15,000.00",15000.0,-6.632462355871587,2025-01-16
2025-Q1,Democrats,Josh Gottheimer,MSFT,sale,"$15,000.00",15000.0,8.709320244450609,2025-01-16
2025-Q1,Democrats,Jared Moskowitz,MRK,sale,"$15,000.00",15000.0,11.7314874905638,2025-01-15
2025-Q1,Democrats,Jared Moskowitz,ABT,sale,"$15,000.00",15000.0,-17.119932515744342,2025-01-15
2025-Q1,Democrats,Julie Johnson,MRNA,sale,"$15,000.00",15000.0,8.698127762212723,2025-01-15
2025-Q1,Democrats,Jared Moskowitz,ABT,sale,"$15,000.00",15000.0,-17.119932515744342,2025-01-15
2025-Q1,Democrats,Julie Johnson,AMT,sale,"$15,000.00",15000.0,-16.294479618096684,2025-01-15
2025-Q1,Democrats,Jared Moskowitz,ABT,sale,"$15,000.00",15000.0,-17.119932515744342,2025-01-15
2025-Q1,Democrats,Julie Johnson,CAG,sale,"$15,000.00",15000.0,-2.971885296117263,2025-01-15
2025-Q1,Democrats,Jared Moskowitz,CNI,sale,"$15,000.00",15000.0,1.7045972647090242,2025-01-15
2025-Q1,Democrats,Julie Johnson,CSGP,sale,"$15,000.00",15000.0,-12.637050802502063,2025-01-15
2025-Q1,Democrats,Julie Johnson,VZ,sale,"$15,000.00",15000.0,-17.389033890548067,2025-01-15
2025-Q1,Democrats,Jared Moskowitz,CNI,sale,"$15,000.00",15000.0,1.7045972647090242,2025-01-15
2025-Q1,Democrats,Jared Moskowitz,CNI,sale,"$15,000.00",15000.0,1.7045972647090242,2025-01-15
2025-Q1,Democrats,Julie Johnson,PFE,sale,"$15,000.00",15000.0,4.1347370560209535,2025-01-15
2025-Q1,Democrats,Julie Johnson,MNST,sale,"$15,000.00",15000.0,-16.161018196627786,2025-01-15
2025-Q1,Democrats,Julie Johnson,QRVO,sale,"$15,000.00",15000.0,0.162572986257373,2025-01-15
2025-Q1,Democrats,Julie Johnson,STZ,sale,"$15,000.00",15000.0,-0.387281173839283,2025-01-15
2025-Q1,Democrats,Julie Johnson,AVGO,sale,"$15,000.00",15000.0,24.51960766260392,2025-01-15
2025-Q1,Democrats,Julie Johnson,DHR,sale,"$15,000.00",15000.0,12.080507001976084,2025-01-15
2025-Q1,Democrats,Julie Johnson,LW,sale,"$15,000.00",15000.0,12.114189019054836,2025-01-15
2025-Q1,Democrats,Jared Moskowitz,MRK,sale,"$15,000.00",15000.0,11.7314874905638,2025-01-15
2025-Q1,Democrats,Julie Johnson,CVS,sale,"$15,000.00",15000.0,-32.115413222456326,2025-01-15
2025-Q1,Democrats,Julie Johnson,SOLV,sale,"$15,000.00",15000.0,-7.106386008837544,2025-01-15
2025-Q1,Democrats,Julie Johnson,NKE,sale,"$15,000.00",15000.0,8.135789073791912,2025-01-15
2025-Q1,Democrats,Julie Johnson,PPG,sale,"$15,000.00",15000.0,3.991671809064077,2025-01-13
2025-Q1,Democrats,Gilbert Cisneros,KLAC,sale,"$15,000.00",15000.0,-4.062827877417456,2025-01-13
2025-Q1,Democrats,Gilbert Cisneros,WAB,sale,"$50,000.00",50000.0,0.04616203710937,2025-01-13
2025-Q1,Democrats,Josh Gottheimer,ISRG,sale,"$15,000.00",15000.0,6.041883196983922,2025-01-10
2025-Q1,Democrats,Gilbert Cisneros,TCTZF,sale,"$15,000.00",15000.0,-40.73914830305467,2025-01-09
2025-Q1,Democrats,Josh Gottheimer,LLY,sale,"$15,000.00",15000.0,-6.365235836515244,2025-01-08
2025-Q1,Democrats,Gilbert Cisneros,XRAY,sale,"$15,000.00",15000.0,15.505131550894935,2025-01-08
2025-Q1,Democrats,William R. Keating,ABNB,sale,"$15,000.00",15000.0,7.166608156794732,2025-01-07
2025-Q1,Democrats,Rick Larsen,BAH,sale,"$15,000.00",15000.0,18.500974490070853,2025-01-07
2025-Q1,Democrats,Gilbert Cisneros,WAB,sale,"$15,000.00",15000.0,2.518976228964831,2025-01-07
2025-Q1,Democrats,Rick Larsen,UNH,sale,"$15,000.00",15000.0,0.1784747344326336,2025-01-07
2025-Q1,Democrats,Gilbert Cisneros,XRAY,sale,"$15,000.00",15000.0,16.31888765961798,2025-01-07
2025-Q1,Democrats,Rick Larsen,CMCSA,sale,"$15,000.00",15000.0,-0.6522483095376198,2025-01-07
2025-Q1,Democrats,Gilbert Cisneros,GDDY,sale,"$15,000.00",15000.0,8.68761530135556,2025-01-07
2025-Q1,Democrats,Rick Larsen,GD,sale,"$15,000.00",15000.0,-4.6997359976440025,2025-01-07
2025-Q1,Democrats,Emily Randall,GOOG,sale,"$15,000.00",15000.0,17.14988345158511,2025-01-07
2025-Q1,Democrats,Emily Randall,XOM,sale,"$15,000.00",15000.0,-9.889593985348668,2025-01-06
2025-Q1,Democrats,Emily Randall,AMGN,sale,"$15,000.00",15000.0,-18.98874133079567,2025-01-06
2025-Q1,Democrats,Emily Randall,MDT,sale,"$15,000.00",15000.0,-10.506715184513958,2025-01-06
2025-Q1,Democrats,Emily Randall,PEP,sale,"$15,000.00",15000.0,-0.93134555965993,2025-01-06
2025-Q1,Democrats,Emily Randall,WFC,sale,"$15,000.00",15000.0,-0.982686431675824,2025-01-06
2025-Q1,Democrats,Emily Randall,FTV,sale,"$15,000.00",15000.0,2.065794267361818,2025-01-06
2025-Q1,Democrats,Emily Randall,MDLZ,sale,"$15,000.00",15000.0,-13.274038978280808,2025-01-06
2025-Q1,Democrats,Emily Randall,PG,sale,"$15,000.00",15000.0,-4.255730708372791,2025-01-06
2025-Q1,Democrats,Sheldon Whitehouse,NVDA,sale,"$50,000.00",50000.0,-25.00151018935476,2025-01-06
2025-Q1,Democrats,Emily Randall,VZ,sale,"$15,000.00",15000.0,-13.56834801982024,2025-01-06
2025-Q1,Democrats,Emily Randall,ABT,sale,"$15,000.00",15000.0,-16.323926382172033,2025-01-06
2024-Q4,Democrats,Nancy Pelosi,AAPL,sale,"$25,000,000.00",25000000.0,11.227967801090236,2024-12-31
2024-Q4,Democrats,Nancy Pelosi,NVDA,sale,"$5,000,000.00",5000000.0,19.26375046730996,2024-12-31
2024-Q4,Democrats,Josh Gottheimer,CLPBY,sale,"$15,000.00",15000.0,4.284414362699981,2024-12-27
2024-Q4,Democrats,Josh Gottheimer,ABEV,sale,"$15,000.00",15000.0,-22.732846262640606,2024-12-27
2024-Q4,Democrats,Josh Gottheimer,GBOOY,sale,"$15,000.00",15000.0,-7.800360674734002,2024-12-27
2024-Q4,Democrats,Josh Gottheimer,CDRE,sale,"$15,000.00",15000.0,2.1521876599318297,2024-12-27
2024-Q4,Democrats,Josh Gottheimer,TT,sale,"$15,000.00",15000.0,8.066099804886957,2024-12-23
2024-Q4,Democrats,Josh Gottheimer,ISRG,sale,"$15,000.00",15000.0,3.2350272116231924,2024-12-23
2024-Q4,Democrats,Josh Gottheimer,MSFT,sale,"$5,000,000.00",5000000.0,9.638853107498305,2024-12-20
2024-Q4,Democrats,Josh Gottheimer,MSFT,sale,"$5,000,000.00",5000000.0,9.638853107498305,2024-12-20
2024-Q4,Democrats,Josh Gottheimer,MSFT,sale,"$5,000,000.00",5000000.0,9.638853107498305,2024-12-20
2024-Q4,Democrats,Josh Gottheimer,MSFT,sale,"$5,000,000.00",5000000.0,9.638853107498305,2024-12-20
2024-Q4,Democrats,Josh Gottheimer,NVDA,sale,"$15,000.00",15000.0,15.421783075412588,2024-12-19
2024-Q4,Democrats,Sheldon Whitehouse,LRCX,sale,"$50,000.00",50000.0,3.141955812163564,2024-12-19
2024-Q4,Democrats,Greg Landsman,URI,sale,"$15,000.00",15000.0,11.978583721466004,2024-12-19
2024-Q4,Democrats,Sheldon Whitehouse,AAPL,sale,"$50,000.00",50000.0,-9.456111121840866,2024-12-19
2024-Q4,Democrats,Josh Gottheimer,UBER,sale,"$15,000.00",15000.0,-21.941686519994384,2024-12-18
2024-Q4,Democrats,Josh Gottheimer,ORCL,sale,"$15,000.00",15000.0,13.736906119278675,2024-12-18
2024-Q4,Democrats,Josh Gottheimer,LLY,sale,"$15,000.00",15000.0,-6.204657035017896,2024-12-18
2024-Q4,Democrats,Josh Gottheimer,LLY,sale,"$15,000.00",15000.0,-3.9250131481161175,2024-12-16
2024-Q4,Democrats,Josh Gottheimer,GMAB,sale,"$15,000.00",15000.0,-1.0030032609538866,2024-12-16
2024-Q4,Democrats,Josh Gottheimer,TLK,sale,"$15,000.00",15000.0,10.018104272691234,2024-12-16
2024-Q4,Democrats,Josh Gottheimer,NSRGY,sale,"$15,000.00",15000.0,-22.89956791321867,2024-12-16
2024-Q4,Democrats,Jonathan Jackson,GD,sale,"$50,000.00",50000.0,-2.968741327033577,2024-12-16
2024-Q4,Democrats,Josh Gottheimer,D,sale,"$15,000.00",15000.0,-1.9266597688968647,2024-12-16
2024-Q4,Democrats,Josh Gottheimer,BABA,sale,"$15,000.00",15000.0,-57.78269698389511,2024-12-16
2024-Q4,Democrats,Josh Gottheimer,SHEL,sale,"$15,000.00",15000.0,-17.173811495048103,2024-12-16
2024-Q4,Democrats,Josh Gottheimer,KO,sale,"$15,000.00",15000.0,-12.702875743482164,2024-12-16
2024-Q4,Democrats,Josh Gottheimer,DHI,sale,"$15,000.00",15000.0,13.319217022795726,2024-12-16
2024-Q4,Democrats,Josh Gottheimer,UNICY,sale,"$15,000.00",15000.0,2.622959777187308,2024-12-16
2024-Q4,Democrats,Josh Gottheimer,LLY,sale,"$15,000.00",15000.0,-5.913564239228865,2024-12-13
2024-Q4,Democrats,Josh Gottheimer,LLY,sale,"$15,000.00",15000.0,-3.3080336571632625,2024-12-12
2024-Q4,Democrats,Josh Gottheimer,GWW,sale,"$15,000.00",15000.0,14.659590728832802,2024-12-12
2024-Q4,Democrats,Josh Gottheimer,LLY,sale,"$15,000.00",15000.0,-3.50029559146148,2024-12-11
2024-Q4,Democrats,Steve Cohen,EBS,sale,"$15,000.00",15000.0,43.89965998304483,2024-12-11
2024-Q4,Democrats,Josh Gottheimer,ETN,sale,"$15,000.00",15000.0,22.91375076448873,2024-12-11
2024-Q4,Democrats,Josh Gottheimer,LLY,sale,"$15,000.00",15000.0,-1.7072270644116077,2024-12-10
2024-Q4,Democrats,Josh Gottheimer,UBER,sale,"$15,000.00",15000.0,-14.29007726771231,2024-12-09
2024-Q4,Democrats,Jonathan Jackson,TIMB,sale,"$50,000.00",50000.0,-21.074006995146373,2024-12-09
2024-Q4,Democrats,Josh Gottheimer,SNPS,sale,"$15,000.00",15000.0,13.40215606470634,2024-12-09
2024-Q4,Democrats,Josh Gottheimer,LLY,sale,"$15,000.00",15000.0,0.0745296194704566,2024-12-09
2024-Q4,Democrats,Josh Gottheimer,GBCI,sale,"$15,000.00",15000.0,21.11088681254695,2024-12-06
2024-Q4,Democrats,Josh Gottheimer,PGNY,sale,"$15,000.00",15000.0,-46.0078524595904,2024-12-06
2024-Q4,Democrats,Josh Gottheimer,SPXC,sale,"$15,000.00",15000.0,20.273174729057757,2024-12-06
2024-Q4,Democrats,Josh Gottheimer,PRIM,sale,"$15,000.00",15000.0,31.162630206963943,2024-12-06
2024-Q4,Democrats,Josh Gottheimer,TXRH,sale,"$15,000.00",15000.0,10.573325179328842,2024-12-06
2024-Q4,Democrats,Josh Gottheimer,TT,sale,"$15,000.00",15000.0,16.459785999619275,2024-12-05
2024-Q4,Democrats,Josh Gottheimer,REGN,sale,"$15,000.00",15000.0,14.72943507848198,2024-11-29
2024-Q4,Democrats,Josh Gottheimer,VRT,sale,"$15,000.00",15000.0,41.27001007921466,2024-11-27
2024-Q4,Democrats,Jonathan Jackson,AMAT,sale,"$50,000.00",50000.0,14.538015237648205,2024-11-27
2024-Q4,Democrats,Josh Gottheimer,NFLX,sale,"$15,000.00",15000.0,-12.001464742969034,2024-11-27
2024-Q4,Democrats,Josh Gottheimer,ETN,sale,"$15,000.00",15000.0,25.68518421637318,2024-11-25
2024-Q4,Democrats,Josh Gottheimer,COP,sale,"$15,000.00",15000.0,7.591716664686449,2024-11-22
2024-Q4,Democrats,Josh Gottheimer,MSFT,sale,"$5,000,000.00",5000000.0,5.074554557372603,2024-11-19
2024-Q4,Democrats,Josh Gottheimer,FOXF,sale,"$15,000.00",15000.0,19.46182569315653,2024-11-19
2024-Q4,Democrats,Josh Gottheimer,LLY,sale,"$15,000.00",15000.0,-14.906408837477656,2024-11-19
2024-Q4,Democrats,Josh Gottheimer,MSFT,sale,"$5,000,000.00",5000000.0,5.074554557372603,2024-11-19
2024-Q4,Democrats,Josh Gottheimer,MSFT,sale,"$5,000,000.00",5000000.0,5.074554557372603,2024-11-19
2024-Q4,Democrats,Sheldon Whitehouse,MET,sale,"$15,000.00",15000.0,1.5464023826491529,2024-11-19
2024-Q4,Democrats,Josh Gottheimer,REGN,sale,"$15,000.00",15000.0,15.849754318850971,2024-11-19
2024-Q4,Democrats,Jake Auchincloss,STT,sale,"$50,000.00",50000.0,2.992953899060634,2024-11-18
2024-Q4,Democrats,Debbie Wasserman Schultz,NGD,sale,"$15,000.00",15000.0,-37.64257521063329,2024-11-18
2024-Q4,Democrats,Sheldon Whitehouse,KVUE,sale,"$15,000.00",15000.0,-0.3038285049622313,2024-11-18
2024-Q4,Democrats,Josh Gottheimer,MSFT,sale,"$15,000.00",15000.0,7.730231299881431,2024-11-14
2024-Q4,Democrats,Josh Gottheimer,LLY,sale,"$15,000.00",15000.0,-1.885746579608315,2024-11-14
2024-Q4,Democrats,Morgan Mcgarvey,TSLA,sale,"$15,000.00",15000.0,18.675003745979264,2024-11-13
2024-Q4,Democrats,Jonathan Jackson,REGN,sale,"$50,000.00",50000.0,21.92690064139914,2024-11-13
2024-Q4,Democrats,Morgan Mcgarvey,IBKR,sale,"$15,000.00",15000.0,5.457693048601233,2024-11-13
2024-Q4,Democrats,Morgan Mcgarvey,SHEL,sale,"$15,000.00",15000.0,-15.15172770515031,2024-11-13
2024-Q4,Democrats,Morgan Mcgarvey,NVDA,sale,"$15,000.00",15000.0,25.237852004592938,2024-11-13
2024-Q4,Democrats,Morgan Mcgarvey,NVDA,sale,"$15,000.00",15000.0,25.237852004592938,2024-11-13
2024-Q4,Democrats,Morgan Mcgarvey,SCHW,sale,"$15,000.00",15000.0,-2.719424248780133,2024-11-13
2024-Q4,Democrats,Morgan Mcgarvey,NVDA,sale,"$50,000.00",50000.0,25.237852004592938,2024-11-13
2024-Q4,Democrats,Morgan Mcgarvey,NVDA,sale,"$15,000.00",15000.0,25.237852004592938,2024-11-13
2024-Q4,Democrats,Morgan Mcgarvey,NVDA,sale,"$15,000.00",15000.0,25.237852004592938,2024-11-13
2024-Q4,Democrats,Morgan Mcgarvey,MSFT,sale,"$15,000.00",15000.0,6.994946016351239,2024-11-13
2024-Q4,Democrats,Morgan Mcgarvey,AMZN,sale,"$15,000.00",15000.0,3.839538452951118,2024-11-13
2024-Q4,Democrats,Josh Gottheimer,NVDA,sale,"$15,000.00",15000.0,24.071442378283127,2024-11-12
2024-Q4,Democrats,Josh Gottheimer,MSFT,sale,"$15,000.00",15000.0,6.241117790344098,2024-11-12
2024-Q4,Democrats,Jared Moskowitz,XOM,sale,"$15,000.00",15000.0,0.8746281482911514,2024-11-08
2024-Q4,Democrats,Jared Moskowitz,SBCF,sale,"$100,000.00",100000.0,9.950946001003556,2024-11-08
2024-Q4,Democrats,Jared Moskowitz,WST,sale,"$15,000.00",15000.0,29.77077246209488,2024-11-08
2024-Q4,Democrats,Greg Landsman,LLY,sale,"$50,000.00",50000.0,-2.6072484522302823,2024-11-08
2024-Q4,Democrats,Morgan Mcgarvey,DJT,sale,"$15,000.00",15000.0,27.86652595033459,2024-11-08
2024-Q4,Democrats,Jared Moskowitz,AOS,sale,"$15,000.00",15000.0,11.538425092490847,2024-11-08
2024-Q4,Democrats,Jared Moskowitz,SBCF,sale,"$50,000.00",50000.0,9.950946001003556,2024-11-08
2024-Q4,Democrats,Jared Moskowitz,CVX,sale,"$15,000.00",15000.0,-8.695564127773183,2024-11-08
2024-Q4,Democrats,Josh Gottheimer,HQY,sale,"$15,000.00",15000.0,9.320127948903927,2024-11-07
2024-Q4,Democrats,Jonathan Jackson,REGN,sale,"$15,000.00",15000.0,24.622355764545137,2024-11-01
2024-Q4,Democrats,Josh Gottheimer,SF,sale,"$15,000.00",15000.0,6.249679187739683,2024-10-31
2024-Q4,Democrats,Josh Gottheimer,APPF,sale,"$15,000.00",15000.0,-4.264286922889704,2024-10-31
2024-Q4,Democrats,Gary Peters,LEG,sale,"$15,000.00",15000.0,-31.393712924587124,2024-10-31
2024-Q4,Democrats,Josh Gottheimer,ITT,sale,"$15,000.00",15000.0,6.182202207459551,2024-10-31
2024-Q4,Democrats,William R. Keating,AMTM,sale,"$15,000.00",15000.0,38.66666793823242,2024-10-31
2024-Q4,Democrats,Gary Peters,LW,sale,"$15,000.00",15000.0,-29.313624828863304,2024-10-31
2024-Q4,Democrats,Josh Gottheimer,ICUI,sale,"$15,000.00",15000.0,17.370140155223506,2024-10-31
2024-Q4,Democrats,Sheldon Whitehouse,SBUX,sale,"$15,000.00",15000.0,2.3135414349765413,2024-10-29
2024-Q4,Democrats,Sheldon Whitehouse,SBUX,sale,"$15,000.00",15000.0,2.3135414349765413,2024-10-29
2024-Q4,Democrats,Sheldon Whitehouse,HON,sale,"$15,000.00",15000.0,5.533916552447245,2024-10-29
2024-Q4,Democrats,Sheldon Whitehouse,DIS,sale,"$15,000.00",15000.0,4.8151838422883095,2024-10-29
2024-Q4,Democrats,Sheldon Whitehouse,VZ,sale,"$15,000.00",15000.0,10.737381886268794,2024-10-29
2024-Q4,Democrats,Sheldon Whitehouse,VZ,sale,"$15,000.00",15000.0,10.737381886268794,2024-10-29
2024-Q4,Democrats,Sheldon Whitehouse,MA,sale,"$15,000.00",15000.0,10.019264872517072,2024-10-29
2024-Q4,Democrats,Sheldon Whitehouse,MA,sale,"$15,000.00",15000.0,10.019264872517072,2024-10-29
2024-Q4,Democrats,Sheldon Whitehouse,TSLA,sale,"$250,000.00",250000.0,1.1592610677083333,2024-10-28
2024-Q4,Democrats,Sheldon Whitehouse,TSLA,sale,"$50,000.00",50000.0,1.1592610677083333,2024-10-28
2024-Q4,Democrats,Jonathan Jackson,ASML,sale,"$50,000.00",50000.0,2.2808106387472424,2024-10-28
2024-Q4,Democrats,Josh Gottheimer,ALG,sale,"$15,000.00",15000.0,-10.02709236818005,2024-10-25
2024-Q4,Democrats,Thomas R. Suozzi,NVDA,sale,"$50,000.00",50000.0,20.857889954165955,2024-10-24
2024-Q4,Democrats,Thomas R. Suozzi,CVS,sale,"$15,000.00",15000.0,-20.742639441207874,2024-10-24
2024-Q4,Democrats,Josh Gottheimer,TSM,sale,"$15,000.00",15000.0,14.84125549706165,2024-10-24
2024-Q4,Democrats,Thomas R. Suozzi,BA,sale,"$15,000.00",15000.0,-17.364523880489717,2024-10-24
2024-Q4,Democrats,Thomas R. Suozzi,GLW,sale,"$15,000.00",15000.0,0.1950552273157476,2024-10-24
2024-Q4,Democrats,Josh Gottheimer,REGN,sale,"$15,000.00",15000.0,33.11125177970673,2024-10-23
2024-Q4,Democrats,Josh Gottheimer,LRCX,sale,"$15,000.00",15000.0,-3.572580352660404,2024-10-22
2024-Q4,Democrats,Josh Gottheimer,NFLX,sale,"$15,000.00",15000.0,-32.41146783077299,2024-10-18
2024-Q4,Democrats,Josh Gottheimer,KKR,sale,"$15,000.00",15000.0,13.987049008535385,2024-10-17
2024-Q4,Democrats,Josh Gottheimer,LRCX,sale,"$15,000.00",15000.0,1.5613505071187326,2024-10-17
2024-Q4,Democrats,Josh Gottheimer,BKNG,sale,"$15,000.00",15000.0,-9.413511548163566,2024-10-17
2024-Q4,Democrats,Josh Gottheimer,MDB,sale,"$15,000.00",15000.0,30.9010991246709,2024-10-17
2024-Q4,Democrats,Josh Gottheimer,TDG,sale,"$15,000.00",15000.0,0.7528176837938174,2024-10-17
2024-Q4,Democrats,Josh Gottheimer,META,sale,"$15,000.00",15000.0,-3.4753124952634704,2024-10-17
2024-Q4,Democrats,Gary Peters,IVZ,sale,"$15,000.00",15000.0,-12.918481461061948,2024-10-17
2024-Q4,Democrats,Josh Gottheimer,NVDA,sale,"$15,000.00",15000.0,20.01727850362809,2024-10-17
2024-Q4,Democrats,Josh Gottheimer,LLY,sale,"$15,000.00",15000.0,9.40417204441975,2024-10-16
2024-Q4,Democrats,Greg Landsman,LNG,sale,"$15,000.00",15000.0,-22.512873205381418,2024-10-15
2024-Q4,Democrats,Greg Landsman,PSX,sale,"$50,000.00",50000.0,4.9209432189506765,2024-10-15
2024-Q4,Democrats,Greg Landsman,NEE,sale,"$15,000.00",15000.0,14.361179627801828,2024-10-15
2024-Q4,Democrats,Greg Landsman,CRWD,sale,"$15,000.00",15000.0,-18.41706089930589,2024-10-15
2024-Q4,Democrats,Greg Landsman,XOM,sale,"$50,000.00",50000.0,0.7433561957963846,2024-10-15
2024-Q4,Democrats,Greg Landsman,FANG,sale,"$50,000.00",50000.0,11.70554020545144,2024-10-15
2024-Q4,Democrats,Greg Landsman,NEE,sale,"$15,000.00",15000.0,14.361179627801828,2024-10-15
2024-Q4,Democrats,Greg Landsman,AMZN,sale,"$50,000.00",50000.0,-7.317590667928813,2024-10-15
2024-Q4,Democrats,Greg Landsman,LIN,sale,"$15,000.00",15000.0,2.069916613887357,2024-10-15
2024-Q4,Democrats,Greg Landsman,AMZN,sale,"$50,000.00",50000.0,-7.317590667928813,2024-10-15
2024-Q4,Democrats,Greg Landsman,REGN,sale,"$15,000.00",15000.0,37.38903389154624,2024-10-15
2024-Q4,Democrats,Greg Landsman,PFE,sale,"$15,000.00",15000.0,11.246615913115235,2024-10-15
2024-Q4,Democrats,Josh Gottheimer,TSLA,sale,"$15,000.00",15000.0,-24.07668142660282,2024-10-14
2024-Q4,Democrats,Sheldon Whitehouse,TSLA,sale,"$50,000.00",50000.0,24.07668142660282,2024-10-11
2024-Q4,Democrats,Gerald E. Connolly,LDOS,sale,"$15,000.00",15000.0,18.505602955844477,2024-10-10
2024-Q4,Democrats,Gerald E. Connolly,SAIC,sale,"$15,000.00",15000.0,21.77265953156522,2024-10-10
2024-Q4,Democrats,Sheldon Whitehouse,CELH,sale,"$15,000.00",15000.0,22.859142873142986,2024-10-08
2024-Q4,Democrats,Thomas R. Suozzi,AAPL,sale,"$50,000.00",50000.0,0.0700763957444537,2024-10-07
2024-Q4,Democrats,Josh Gottheimer,TSM,sale,"$15,000.00",15000.0,5.714061149268096,2024-10-04
2024-Q4,Democrats,Josh Gottheimer,MFC,sale,"$15,000.00",15000.0,-4.569894488884086,2024-10-04
2024-Q4,Democrats,Josh Gottheimer,MSFT,sale,"$15,000.00",15000.0,6.101930621569901,2024-10-03
2024-Q4,Democrats,Josh Gottheimer,AVGO,sale,"$15,000.00",15000.0,-1.9765726227261171,2024-10-03
2024-Q4,Democrats,Josh Gottheimer,MSFT,sale,"$50,000.00",50000.0,7.201820635387941,2024-10-02
2024-Q4,Democrats,Thomas R. Suozzi,NVDA,sale,"$15,000.00",15000.0,4.2872496833635845,2024-10-02
